"Id","IsDeleted","Name","CreatedDate","CreatedById","LastModifiedDate","LastModifiedById","SystemModstamp","LastActivityDate","ActivityName__c","No_of_slots__c","Timeslot__c","SUStudentActivityMaster__c"
"a030X00001LThWLQA1","0","SUSTUDACT-0001","2018-08-26 20:33:17","0050X000007fiTMQAY","2018-08-26 20:33:17","0050X000007fiTMQAY","2018-08-26 20:33:17","","Tennis","1","Morning","a000X000016XOyYQAW"
"a030X00001LThWQQA1","0","SUSTUDACT-0002","2018-08-26 20:33:48","0050X000007fiTMQAY","2018-08-26 20:33:48","0050X000007fiTMQAY","2018-08-26 20:33:48","","Baseball","2","Afternoon","a000X000016XOynQAG"
"a030X00001LThWaQAL","0","SUSTUDACT-0003","2018-08-26 20:34:03","0050X000007fiTMQAY","2018-08-26 20:34:03","0050X000007fiTMQAY","2018-08-26 20:34:03","","Chess","1","Evening","a000X000016XOzHQAW"
"a030X00001LThWfQAL","0","SUSTUDACT-0004","2018-08-26 20:34:20","0050X000007fiTMQAY","2018-08-26 20:34:20","0050X000007fiTMQAY","2018-08-26 20:34:20","","Dance","2","Morning","a000X000016XQ4SQAW"
