"Id","IsDeleted","Name","CreatedDate","CreatedById","LastModifiedDate","LastModifiedById","SystemModstamp","LastActivityDate","SUStudentSem__c","SUStudentMarks__c","SUStudentSub__c","SUMarks2Student__c"
"a020X000015iFrwQAE","0","SUSTUDMARKS-0001","2018-08-25 19:12:28","0050X000007fiTMQAY","2018-08-25 19:12:28","0050X000007fiTMQAY","2018-08-25 19:12:28","","2","65","English","a000X000016XOyYQAW"
"a020X000015iFs1QAE","0","SUSTUDMARKS-0002","2018-08-25 19:13:06","0050X000007fiTMQAY","2018-08-25 19:13:06","0050X000007fiTMQAY","2018-08-25 19:13:06","","2","75","Math","a000X000016XOynQAG"
"a020X000015iFs6QAE","0","SUSTUDMARKS-0003","2018-08-25 19:17:32","0050X000007fiTMQAY","2018-09-02 11:05:46","0050X000007fiTMQAY","2018-09-02 11:05:46","","3","37","Physics","a000X000016XOzHQAW"
"a020X000015iFstQAE","0","SUSTUDMARKS-0004","2018-08-25 19:18:04","0050X000007fiTMQAY","2018-08-25 19:18:04","0050X000007fiTMQAY","2018-08-25 19:18:04","","2","95","Computers","a000X000016XQ4SQAW"
"a020X000015iFt3QAE","0","SUSTUDMARKS-0005","2018-08-25 19:31:58","0050X000007fiTMQAY","2018-08-25 19:31:58","0050X000007fiTMQAY","2018-08-25 19:31:58","","4","78","Computers","a000X000016XOzHQAW"
"a020X000015iFtDQAU","0","SUSTUDMARKS-0006","2018-08-25 19:32:15","0050X000007fiTMQAY","2018-08-25 19:32:15","0050X000007fiTMQAY","2018-08-25 19:32:15","","4","89","Math","a000X000016XOyYQAW"
"a020X000015ib8BQAQ","0","SUSTUDMARKS-0007","2018-09-02 10:29:36","0050X000007fiTMQAY","2018-09-02 10:29:55","0050X000007fiTMQAY","2018-09-02 10:29:55","","3","32","Science","a000X000016XOyYQAW"
