"Id","IsDeleted","Name","CreatedDate","CreatedById","LastModifiedDate","LastModifiedById","SystemModstamp","LastActivityDate","SUJunction2StudentMaster__c","SUJunction2ActivityMaster__c"
"a040X00000eDPv7QAG","0","SUSTUDACTJUN-0001","2018-08-26 20:43:07","0050X000007fiTMQAY","2018-08-26 20:43:07","0050X000007fiTMQAY","2018-08-26 20:43:07","","a000X000016XOyYQAW","a030X00001LThWfQAL"
"a040X00000eDPvCQAW","0","SUSTUDACTJUN-0002","2018-08-26 20:43:22","0050X000007fiTMQAY","2018-08-26 20:43:22","0050X000007fiTMQAY","2018-08-26 20:43:22","","a000X000016XOynQAG","a030X00001LThWQQA1"
"a040X00000eDPvHQAW","0","SUSTUDACTJUN-0003","2018-08-26 20:43:41","0050X000007fiTMQAY","2018-08-26 20:43:41","0050X000007fiTMQAY","2018-08-26 20:43:41","","a000X000016XOzHQAW","a030X00001LThWaQAL"
"a040X00000eDPvRQAW","0","SUSTUDACTJUN-0004","2018-08-26 20:43:56","0050X000007fiTMQAY","2018-08-26 20:43:56","0050X000007fiTMQAY","2018-08-26 20:43:56","","a000X000016XQ4SQAW","a030X00001LThWLQA1"
